System_ID,Nanostructure_Type,Dopant,Dopant_Count,Medium,Total Atoms,Adsorption_Site,Distance_A,HOMO_eV,LUMO_eV,Bandgap_eV,Mulliken_Charge_Dopant,Charge_Transfer_e,E_ads_DFT_eV,Recoverytime_sec,electronegativity_eV,chemical potential_eV,hardness_eV,electrophilicity index_eV
BN_Pristine,BNNS,,0,Air,115,Top,4.87,-6.06,-1.19,4.87,-0.021133,0.1567,-0.2674,3.31e-08,3.625,-3.625,2.435,2.698280287474333
BCN_Pristine,BCNNS,,0,Air,115,Top,1.57,-2.11,-1.39,0.72,-0.297594,-0.404,-0.114,8.4e-11,1.75,-1.75,0.36,4.253472222222222
BNC_Pristine,BCNNC,,0,Air,65,Top,1.18,-4.67,-3.49,1.18,0.250804,0.3244,-1.073,150000000.0,4.08,-4.08,0.59,14.107118644067798
BN_Al,BNNS_Alsheet,Al,1,Air,115,Top,4.98,-6.15,-1.17,4.98,-0.013992,0.01932,-0.2482,1.57e-08,3.66,-3.66,2.49,2.6898795180722894
BN_Ga,BNNS_Gasheet,Ga,1,Air,115,Top,4.96,-6.19,-1.23,4.96,0.023796,0.02657,-0.1766,9.67e-10,3.71,-3.71,2.48,2.7750201612903225
BN_Au,BNNS_Ausheet,Au,1,Air,115,Top,2.22,-5.53,-3.79,1.7400000000000002,0.074377,0.18378,-0.7767,13.0,4.66,-4.66,0.8700000000000001,12.48022988505747
BN_Cu,BNNS_Cusheet,Cu,1,Air,115,Top,2.04,-6.08,-4.35,1.7300000000000004,0.04405,0.21312,-1.227,100000000.0,5.215,-5.215,0.8650000000000002,15.720361271676296
BN_Co,BNNS_Cosheet,Co,1,Air,115,Top,2.11,-6.23,-2.79,3.4400000000000004,0.341202,0.23029,-0.8216,84.0,4.51,-4.51,1.7200000000000002,5.91281976744186
BN_Fe,BNNS_Fesheet,Fe,1,Air,115,Top,2.12,-6.11,-2.42,3.6900000000000004,0.288666,0.1981,-1.211,60000000.0,4.265000000000001,-4.265000000000001,1.8450000000000002,4.929600271002711
BN_Ni,BNNS_Nisheet,Ni,1,Air,115,Top,2.08,-6.13,-4.09,2.04,0.276147,0.17252,-0.894,1310.0,5.109999999999999,-5.109999999999999,1.02,12.80004901960784
BCN_Al,BCNNS_Alsheet,Al,1,Air,115,Top,2.92,-2.66,-2.06,0.6,-0.261762,-0.42181,-0.6649,0.1736,2.3600000000000003,-2.3600000000000003,0.3,9.28266666666667
BCN_Ga,BCNNS_Gasheet,Ga,1,Air,115,Top,2.83,-2.67,-2.06,0.61,-0.05274,-0.02309,-0.3634,1.38e-06,2.365,-2.365,0.305,9.169221311475413
BCN_Ni,BCNNS_Nisheet,Ni,1,Air,115,Top,2.6,-2.97,-1.51,1.4600000000000002,0.055909,-0.02043,-0.9149,2970.0,2.24,-2.24,0.7300000000000001,3.4367123287671233
BNC_Al,BNCNC_Alcage,Al,1,Air,65,Top,1.09,-5.01,-3.92,1.09,0.132717,0.15642,-2.034,2.47e+22,4.465,-4.465,0.545,18.29011467889908
BNC_Ga,BNCNC_Gacage,Ga,1,Air,65,Top,1.2,-4.17,-2.97,1.2,0.213658,0.20943,-1.715,9.79e+16,3.5700000000000003,-3.5700000000000003,0.6,10.620750000000001
BNC_Au,BNCNC_Aucage,Au,1,Air,65,Top,2.17,-5.69,-3.92,1.7700000000000005,0.350694,0.12482,-1.28,4450000000.0,4.805,-4.805,0.8850000000000002,13.04408192090395
BNC_Ag,BNCNC_Agcage,Ag,1,Air,65,Top,2.24,-5.58,-4.11,1.4699999999999998,0.1932,0.09207,-0.9,1665.0,4.845000000000001,-4.845000000000001,0.7349999999999999,15.968724489795925
BNC_Cu,BNCNC_Cucage,Cu,1,Air,65,Top,5.48,-5.94,-4.67,1.2700000000000005,0.417279,0.0375,-0.18,1.11e-09,5.305,-5.305,0.6350000000000002,22.1598622047244
BNC_Co,BNCNC_Cocage,Co,1,Air,65,Top,1.95,-4.57,-3.55,1.0200000000000005,0.275255,0.21367,-1.39,323000000000.0,4.0600000000000005,-4.0600000000000005,0.5100000000000002,16.16039215686274
BNC_Fe,BNCNC_Fecage,Fe,1,Air,65,Top,2.12,-5.22,-3.41,1.8099999999999996,0.417918,0.33502,-1.56,242000000000000.0,4.3149999999999995,-4.3149999999999995,0.9049999999999998,10.286864640883978
BNC_Ni,BNCNC_Nicage,Ni,1,Air,65,Top,2.01,-5.43,-3.23,2.1999999999999997,0.326103,0.12908,-0.81,50.0,4.33,-4.33,1.0999999999999999,8.522227272727273
BNC_Pt,BNCNC_Ptcage,Pt,1,Air,65,Top,2.22,-5.51,-3.68,1.8299999999999996,0.272356,0.16797,-1.32,211000000000.0,4.595,-4.595,0.9149999999999998,11.537718579234975
P-G,Graphenesheet,,0,Air,95,Top,3.69,-5.25,-2.71,2.54,0.003122,-0.0003,-0.16,5.1e-10,3.98,-3.98,1.27,6.236377952755905
G-Al,Graphene_Alsheet,Al,1,Air,95,Top,2.63,-5.41,-3.35,2.06,-0.019522,0.01484,-0.41,9.5e-08,4.38,-4.38,1.03,9.312815533980583
G-Ga,Graphene_Gasheet,Ga,1,Air,95,Top,2.71,-5.45,-3.45,2.0,0.000626,0.00026,-0.29,7.9e-08,4.45,-4.45,1.0,9.901250000000001
P-FG,Fluorographenesheet,,0,Air,95,Top,3.09,-6.13,-4.08,2.04,-0.015373,-0.0181,-0.364,1.4e-06,5.105,-5.105,1.02,12.775012254901963
F-Al,Fluorographen_Alsheet,Al,1,Air,95,Top,2.02,-6.22,-3.84,2.38,0.185518,0.19828,-1.54,981000000000000.0,5.029999999999999,-5.029999999999999,1.19,10.630630252100838
F-Ga,Fluorographene_Gasheet,Ga,1,Air,95,Top,2.06,-6.2,-3.86,2.3400000000000003,0.175791,0.23626,-1.24,5412000000.0,5.03,-5.03,1.1700000000000002,10.812350427350427
G-Ni,Graphene_Nisheet,Ni,1,Air,95,Top,2.06,-4.15,-2.17,1.9800000000000004,0.274793,0.17307,-0.945,9600.0,3.16,-3.16,0.9900000000000002,5.043232323232323
G-Ag,Graphene_Agsheet,Ag,1,Air,95,Top,2.22,-4.27,-2.26,2.01,0.186011,0.09786,-1.06,846000.0,3.2649999999999997,-3.2649999999999997,1.005,5.303594527363184
G-Au,Graphene_Ausheet,Au,1,Air,95,Top,2.23,-4.47,-2.46,2.01,0.170867,0.14995,-0.8232,83.7,3.465,-3.465,1.005,5.973246268656716
G-Cu,Graphene_Cusheet,Cu,1,Air,95,Top,1.97,-4.16,-1.83,2.33,0.267047,0.13684,-1.504,27300000000000.0,2.995,-2.995,1.165,3.849796137339056
FG-Ni,Fluorographene_Nisheet,Ni,1,Air,95,Top,2.07,-6.24,-4.29,1.9500000000000002,0.304233,0.21419,-0.9369,7060.0,5.265000000000001,-5.265000000000001,0.9750000000000001,14.215500000000002
BN_Pristine1,BNNS,,0,water,115,Top,4.87,-5.74,-0.863,4.877000000000001,-0.020603,0.01606,-0.088,3.488e-11,3.3015,-3.3015,2.4385000000000003,2.234960477752716
BCN_Pristine1,BCNNSsheet,,0,water,115,Top,1.57,-2.63,-1.59,1.0399999999999998,-0.318091,-0.41518,-2.7,2.102e+35,2.11,-2.11,0.5199999999999999,4.280865384615385
BNC_Pristine1,BCNNCcage,,0,water,65,Top,1.18,-5.08,-3.8,1.2800000000000002,0.303396,0.41797,-2.01,1.695e+23,4.4399999999999995,-4.4399999999999995,0.6400000000000001,15.401249999999994
BN_Al1,BNNS_Alsheet,Al,1,water,115,Top,4.98,-5.7,-1.74,3.96,-0.005572,0.01415,-0.8351,130.82,3.72,-3.72,1.98,3.494545454545455
BN_Ga1,BNNS_Gasheet,Ga,1,water,115,Top,4.96,-5.74,-1.38,4.36,0.030491,0.02828,-0.8291,103.56,3.56,-3.56,2.18,2.906788990825688
BN_Au1,BNNS_Ausheet,Au,1,water,115,Top,2.22,-5.46,-3.67,1.79,0.31068,0.18741,-0.2864,1.046e-07,4.5649999999999995,-4.5649999999999995,0.895,11.642025139664801
BN_Cu1,BNNS_Cusheet,Cu,1,water,115,Top,2.04,-5.66,-4.34,1.3200000000000003,0.322655,0.21409,-1.071,5910000.0,5.0,-5.0,0.6600000000000001,18.939393939393934
BN_Co1,BNNS_Cosheet,Co,1,water,115,Top,2.11,-5.69,-2.96,2.7300000000000004,0.370312,0.24414,-0.678,0.764,4.325,-4.325,1.3650000000000002,6.851877289377288
BN_Fe1,BNNS_Fesheet,Fe,1,water,115,Top,2.12,-5.68,-2.19,3.4899999999999998,0.277088,0.19593,-0.6248,892.9,3.9349999999999996,-3.9349999999999996,1.7449999999999999,4.436740687679082
BN_Ni1,BNNS_Nisheet,Ni,1,water,115,Top,2.08,-5.66,-3.77,1.8900000000000001,0.285317,1.20061,-0.7446,5.58,4.715,-4.715,0.9450000000000001,11.762552910052909
BCN_Al1,BCNNS_Alsheet,Al,1,water,115,Top,2.92,-2.67,-1.8,0.8699999999999999,-2.175269,-0.05231,-0.2104,3.6e-09,2.235,-2.235,0.43499999999999994,5.741637931034483
BCN_Ga1,BCNNS_Gasheet,Ga,1,water,115,Top,2.83,-2.62,-1.78,0.8400000000000001,-0.03227,-0.02297,-0.1062,6.24e-11,2.2,-2.2,0.42000000000000004,5.761904761904762
BCN_Ni1,BCNNS_Nisheet,Ni,1,water,115,Top,2.43,-2.69,-1.37,1.3199999999999998,-0.00262,0.074002,-0.2826,6e-09,2.0300000000000002,-2.0300000000000002,0.6599999999999999,3.1218939393939404
BNC_Al1,BNCNC_Alcage,Al,1,water,65,Top,1.09,-4.89,-3.43,1.4599999999999995,0.292738,0.36229,-2.76,1.46e-10,4.16,-4.16,0.7299999999999998,11.853150684931512
BNC_Ga1,BNCNC_Gacage,Ga,1,water,65,Top,1.2,-4.94,-3.42,1.5200000000000005,0.361526,0.29165,-2.87,1.71e-10,4.18,-4.18,0.7600000000000002,11.494999999999994
BNC_Au1,BNCNC_Aucage,Au,1,water,65,Top,2.17,-5.636,-3.715,1.9210000000000003,0.341519,0.19223,-1.33,33000000000.0,4.6754999999999995,-4.6754999999999995,0.9605000000000001,11.379646147839663
BNC_Ag1,BNCNC_Agcage,Ag,1,water,65,Top,2.24,-5.61,-4.07,1.54,0.9199,0.09359,-0.52,0.00066,4.84,-4.84,0.77,15.21142857142857
BNC_Cu1,BNCNC_Cucage,Cu,1,water,65,Top,5.48,-5.61,-4.31,1.3000000000000007,0.090031,0.03858,-0.12,1.1e-10,4.96,-4.96,0.6500000000000004,18.924307692307682
BNC_Co1,BNCNC_Cocage,Co,1,water,65,Top,1.95,-4.66,-3.29,1.37,0.342707,0.27054,-2.17,2.1e+24,3.975,-3.975,0.685,11.533302919708028
BNC_Fe1,BNCNC_Fecage,Fe,1,water,65,Top,2.12,-5.22,-3.41,1.8099999999999996,0.465044,0.37655,-0.76,6.7,4.3149999999999995,-4.3149999999999995,0.9049999999999998,10.286864640883978
BNC_Ni1,BNCNC_Nicage,Ni,1,water,65,Top,2.01,-5.48,-3.5,1.9800000000000004,0.340965,0.21102,-0.64,0.07,4.49,-4.49,0.9900000000000002,10.181868686868686
BNC_Pt1,BNCNC_Ptcage,Pt,1,water,65,Top,2.22,-5.53,-3.52,2.0100000000000002,0.334313,0.20417,-0.65,0.1,4.525,-4.525,1.0050000000000001,10.186878109452737
P-G1,Graphenesheet,,0,water,95,Top,3.69,-5.2,-2.63,2.5700000000000003,0.002343,0.00065,-0.0255,2.7e-13,3.915,-3.915,1.2850000000000001,5.9639007782101165
G-Al1,Graphene_Alsheet,Al,1,water,95,Top,2.54,-4.73,-2.31,2.4200000000000004,0.180721,0.22538,-0.3427,6.25e-07,3.5200000000000005,-3.5200000000000005,1.2100000000000002,5.12
G-Ga1,Graphene_Gasheet,Ga,1,water,95,Top,2.62,-4.78,-2.63,2.1500000000000004,0.147469,0.20546,-0.227,6.9e-09,3.705,-3.705,1.0750000000000002,6.384662790697674
P-FG1,Fluorographenesheet,,0,water,95,Top,3.09,-5.7,-3.68,2.02,-0.038148,-0.00389,-0.1156,9.01e-11,4.69,-4.69,1.01,10.889158415841585
F-Al1,Fluorographen_Alsheet,Al,1,water,95,Top,2.02,-5.64,-3.27,2.3699999999999997,0.129888,0.22244,-1.538,102700000000000.0,4.455,-4.455,1.1849999999999998,8.374272151898737
F-Ga1,Fluorographene_Gasheet,Ga,1,water,95,Top,2.06,-5.63,-3.28,2.35,0.20385,0.26138,-1.2379,863300000.0,4.455,-4.455,1.175,8.44554255319149
G-Ni1,Graphene_Nisheet,Ni,1,water,95,Top,1.985,-4.27,-2.26,2.01,0.334997,0.23252,-0.9833,42700.0,3.2649999999999997,-3.2649999999999997,1.005,5.303594527363184
G-Ag1,Graphene_Agsheet,Ag,1,water,95,Top,2.19,-4.56,-2.19,2.3699999999999997,0.265993,0.06593,-0.8768,679.9,3.375,-3.375,1.1849999999999998,4.80617088607595
G-Au1,Graphene_Ausheet,Au,1,water,95,Top,2.23,-4.63,-2.66,1.9699999999999998,0.34905,0.23137,-1.15,28400000.0,3.645,-3.645,0.9849999999999999,6.744175126903555
G-Cu1,Graphene_Cusheet,Cu,1,water,95,Top,1.97,-4.49,-2.16,2.33,0.326825,0.19894,-1.146,24300000.0,3.325,-3.325,1.165,4.744903433476395
FG-Ni1,Fluorographene_Nisheet,Ni,1,water,95,Top,2.07,-5.47,-3.51,1.96,0.316776,0.22625,-0.4624,5.8e-06,4.49,-4.49,0.98,10.285765306122451
BNNS_In,BN sheet,In,1,Air,115,Top,4.39,-5.89,-2.92,2.9699999999999998,0.068832,0.02136,-0.4685,8.39e-05,4.404999999999999,-4.404999999999999,1.4849999999999999,6.533341750841749
BNNS_Thallium,BN sheet,Thallium,1,Air,115,Top,2.36,-5.66,-2.39,3.27,0.193235,0.13048,-1.3383,43100000000.0,4.025,-4.025,1.635,4.954319571865444
BNNS_In,BN sheet,In,1,Water,115,Top,4.98,-5.62,-2.389,3.2310000000000003,0.05472,0.01639,-0.1362,2.01e-10,4.0045,-4.0045,1.6155000000000002,4.963175564840606
BNNS_Thallium,BN sheet,Thallium,1,Water,115,Top,2.3,-5.77,-1.73,4.039999999999999,0.369742,0.25048,-2.5,1.956e+30,3.75,-3.75,2.0199999999999996,3.480816831683169
BCNNS_In,BCNsheet,In,1,Water,115,Top,3.11,-2.69,-1.88,0.81,0.051049,-0.08022,-0.1409,4.17e-15,2.285,-2.285,0.405,6.445956790123457
BNCNC_In,BNCcage,In,1,Water,65,Top,3.68,-5.19,-4.16,1.0300000000000002,0.098221,0.08078,-0.1082,6.76e-11,4.675000000000001,-4.675000000000001,0.5150000000000001,21.219053398058254
BNCNC_Thallium,BNCcage,Thallium,1,Water,65,Top,4.75,-5.33,-4.05,1.2800000000000002,0.208019,0.23125,-0.1932,1.854e-09,4.6899999999999995,-4.6899999999999995,0.6400000000000001,17.184453124999994
BCNNS_In,BCNsheet,In,1,Air,115,Top,2.97,-2.214,-1.788,0.42599999999999993,0.063977,-0.07733,-0.4546,2.11e-20,2.001,-2.001,0.21299999999999997,9.39906338028169
BNCNC_In,BNCcage,In,1,Air,65,Top,3.68,-5.28,-4.54,0.7400000000000002,0.053297,0.08078,-0.3544,9.86e-07,4.91,-4.91,0.3700000000000001,32.578513513513506
BNCNC_Thallium,BNCcage,Thallium,1,Air,65,Top,4.75,-5.52,-4.22,1.2999999999999998,0.189019,0.22358,-0.4262,1.62e-05,4.869999999999999,-4.869999999999999,0.6499999999999999,18.243769230769228
